word,col2,concreteness,col4,col5,col6,col7,col8,col9,col10,frequency
sunflower,0,4.8,0.65,0,25,1.0,34,Noun,NN,15907
chiropractor,0,4.86,0.35,0,29,1.0,45,Noun,NN,12898
cunt,0,4.21,1.17,1,29,0.97,350,Noun,NN,16092
workspace,0,4.25,1.04,0,28,1.0,14,Noun,NN,16007
zebra,0,4.86,0.58,0,29,1.0,128,Noun,NN,16407
parishioner,0,4.04,1.07,1,29,0.97,8,Noun,NN,17525
knuckle,0,4.93,0.26,0,29,1.0,66,Noun,NN,17048
smoothie,0,4.62,0.8,0,26,1.0,37,Noun,NN,16318
smallpox,0,4.25,1.08,1,29,0.97,75,Noun,NN,12482
campground,0,4.7,0.91,0,27,1.0,9,Noun,NN,17818
shipyard,0,4.79,0.66,0,24,1.0,43,Noun,NN,12456
titanium,0,4.67,0.83,0,27,1.0,80,Noun,NN,14182
watercolor,0,4.33,1.07,0,27,1.0,5,Noun,NN,12634
smuggler,0,4.31,1.12,0,26,1.0,62,Noun,NN,14718
granny,0,4.24,0.87,0,29,1.0,430,Noun,NN,12824
ballroom,0,4.7,0.82,0,27,1.0,220,Noun,NN,16904
bailiff,0,4.5,0.96,2,30,0.93,110,Noun,NN,15373
horseman,0,4.3,1.23,0,27,1.0,61,Noun,NN,11223
socialization,0,1.79,0.92,0,28,1.0,10,Noun,NN,11402
supposition,0,1.77,0.96,1,32,0.97,16,Noun,NN,14571
magma,0,4.73,0.53,1,27,0.96,18,Noun,NN,11650
placenta,0,4.79,0.77,0,29,1.0,24,Noun,NN,11955
judo,0,4.32,1.19,1,29,0.97,49,Noun,NN,11008
warlord,0,4.4,1.04,0,25,1.0,39,Noun,NN,12641
iodine,0,4.41,1.15,0,29,1.0,64,Noun,NN,16601
rudder,0,4.72,0.59,0,29,1.0,198,Noun,NN,12156
quart,0,4.57,1.01,0,30,1.0,106,Noun,NN,13115
marshmallow,0,4.85,0.46,1,28,0.96,77,Noun,NN,10678
pantry,0,4.67,0.61,0,30,1.0,89,Noun,NN,16062
seawater,0,4.41,1.18,0,29,1.0,23,Noun,NN,12315
taco,0,4.93,0.37,0,29,1.0,158,Noun,NN,13491
footbridge,0,4.81,0.8,3,29,0.9,6,Noun,NN,10866
criminality,0,1.87,1.14,0,30,1.0,6,Noun,NN,14756
ambivalence,0,1.7,0.82,2,29,0.93,12,Noun,NN,11179
dossier,0,4.21,1.18,4,28,0.86,56,Noun,NN,12607
melanoma,0,4.1,1.09,0,30,1.0,19,Noun,NN,13527
parsley,0,4.77,0.86,0,26,1.0,43,Noun,NN,14479
turntable,0,4.57,1.14,0,28,1.0,18,Noun,NN,14545
goldfish,0,4.79,0.79,0,28,1.0,155,Noun,NN,18731
rupee,0,4.68,1.11,4,29,0.86,2,Noun,NN,11032
iguana,0,4.83,0.76,0,29,1.0,40,Noun,NN,10739
preconception,0,1.7,1.03,0,27,1.0,1,Noun,NN,12227
sinus,0,4.27,1.14,0,30,1.0,89,Noun,NN,16945
mouthpiece,0,4.66,0.77,0,29,1.0,47,Noun,NN,12979
adage,0,1.86,0.94,4,26,0.85,32,Noun,NN,13878
joystick,0,4.74,0.86,0,27,1.0,15,Noun,NN,13330
reindeer,0,4.7,0.87,0,27,1.0,172,Noun,NN,11416
asphalt,0,4.83,0.75,0,30,1.0,49,Noun,NN,15502
zipper,0,4.83,0.54,0,29,1.0,144,Noun,NN,10096
sill,0,4.59,0.89,2,29,0.93,23,Noun,NN,15901
slipper,0,4.86,0.44,0,29,1.0,113,Noun,NN,18670
fowl,0,4.64,0.91,1,29,0.97,35,Noun,NN,12107
retina,0,4.46,0.79,1,29,0.97,37,Noun,NN,18795
porcelain,0,4.63,0.69,0,27,1.0,80,Noun,NN,18356
henchman,0,4.08,1.13,1,27,0.96,17,Noun,NN,10810
lager,0,4.64,0.99,4,29,0.86,25,Noun,NN,15963
ledger,0,4.36,1.1,0,28,1.0,62,Noun,NN,13491
raisin,0,4.97,0.19,0,29,1.0,83,Noun,NN,13925
lentil,0,4.48,1.12,1,28,0.96,11,Noun,NN,12090
rink,0,4.56,0.89,1,28,0.96,109,Noun,NN,14971
divination,0,1.85,1.1,3,30,0.9,5,Noun,NN,11677
venom,0,4.62,0.92,1,25,0.96,119,Noun,NN,14876
civility,0,1.62,0.86,0,29,1.0,28,Noun,NN,11398
doughnut,0,4.96,0.2,0,26,1.0,215,Noun,NN,13058
relativism,0,1.75,1.03,2,26,0.92,2,Noun,NN,12104
canister,0,4.93,0.26,0,28,1.0,73,Noun,NN,15496
seatbelt,0,4.79,0.77,1,30,0.97,47,Noun,NN,12963
platelet,0,4.21,1.35,3,27,0.89,5,Noun,NN,12201
briefcase,0,4.86,0.52,0,29,1.0,438,Noun,NN,10535
softball,0,4.89,0.31,0,28,1.0,115,Noun,NN,13598
admiral,0,4.11,1.22,0,27,1.0,845,Noun,NN,11866
campfire,0,4.79,0.49,0,29,1.0,64,Noun,NN,11939
anarchism,0,1.92,1.18,1,25,0.96,2,Noun,NN,16326
optimist,0,1.9,1.09,0,30,1.0,78,Noun,NN,12116
freeway,0,4.7,0.47,0,27,1.0,282,Noun,NN,18481
minibus,0,4.55,0.91,4,26,0.85,28,Noun,NN,14458
upholstery,0,4.65,0.75,0,31,1.0,59,Noun,NN,12341
toner,0,4.17,1.28,0,29,1.0,44,Noun,NN,12365
cactus,0,5.0,0.0,0,32,1.0,148,Noun,NN,14734
stag,0,4.39,0.88,0,28,1.0,81,Noun,NN,17203
logger,0,4.54,0.81,1,27,0.96,6,Noun,NN,10746
viewfinder,0,4.44,0.85,0,27,1.0,4,Noun,NN,11506
falcon,0,4.9,0.31,0,30,1.0,169,Noun,NN,13291
soprano,0,4.11,1.31,0,28,1.0,135,Noun,NN,16764
stationery,0,4.29,1.3,0,24,1.0,70,Noun,NN,16179
centimeter,0,4.13,1.31,0,30,1.0,10,Noun,NN,13993
frosting,0,4.86,0.44,0,29,1.0,72,Noun,NN,10076
cranberry,0,4.96,0.19,0,27,1.0,99,Noun,NN,15842
dishonesty,0,1.9,1.09,0,30,1.0,29,Noun,NN,17919
painkiller,0,4.18,1.02,0,28,1.0,27,Noun,NN,14954
preparedness,0,1.84,0.99,1,26,0.96,8,Noun,NN,18986
evangelism,0,1.93,0.92,1,30,0.97,4,Noun,NN,14748
humanism,0,1.81,1.27,3,30,0.9,3,Noun,NN,15125
yolk,0,4.78,0.64,1,28,0.96,21,Noun,NN,16592
sealant,0,4.08,1.23,0,26,1.0,12,Noun,NN,10379
saucer,0,4.79,0.62,0,29,1.0,140,Noun,NN,15989
mermaid,0,4.5,0.82,0,30,1.0,161,Noun,NN,10387
barber,0,4.59,0.57,1,28,0.96,279,Noun,NN,14115
pragmatism,0,1.63,0.74,2,29,0.93,11,Noun,NN,11597
technicality,0,1.93,1.21,0,27,1.0,61,Noun,NN,11621
truffle,0,4.6,0.97,0,30,1.0,23,Noun,NN,12634
werewolf,0,4.17,1.39,0,29,1.0,227,Noun,NN,15049
follicle,0,4.44,0.89,1,28,0.96,12,Noun,NN,13777
hearsay,0,1.82,1.06,0,28,1.0,78,Noun,NN,12756
battleground,0,4.04,1.16,0,24,1.0,24,Noun,NN,10757
sardine,0,5.0,0.0,0,25,1.0,46,Noun,NN,11055
introspection,0,1.35,0.75,1,27,0.96,9,Noun,NN,11859
greyhound,0,5.0,0.0,0,29,1.0,46,Noun,NN,18937
groin,0,4.58,0.99,1,27,0.96,92,Noun,NN,15417
fondness,0,1.66,0.81,0,29,1.0,26,Noun,NN,14771
handkerchief,0,5.0,0.0,0,27,1.0,214,Noun,NN,12564
melon,0,4.78,0.58,0,27,1.0,218,Noun,NN,12784
mango,0,5.0,0.0,0,29,1.0,84,Noun,NN,15926
accordion,0,4.86,0.59,1,29,0.97,67,Noun,NN,12027
reincarnation,0,1.63,1.3,0,30,1.0,66,Noun,NN,15571
bushel,0,4.3,1.1,1,28,0.96,32,Noun,NN,18829
nostril,0,4.89,0.42,0,28,1.0,35,Noun,NN,16372
cyst,0,4.23,1.19,0,30,1.0,22,Noun,NN,15371
blower,0,4.07,1.07,0,27,1.0,17,Noun,NN,17045
amends,0,1.92,1.09,0,26,1.0,94,Noun,NN,10642
satin,0,4.57,0.94,0,30,1.0,133,Noun,NN,15464
buttock,0,4.79,0.63,1,29,0.97,17,Noun,NN,12342
incapacity,0,1.7,1.06,3,26,0.88,13,Noun,NN,17795
stylist,0,4.08,1.38,0,26,1.0,44,Noun,NN,17699
mitt,0,4.76,0.58,0,29,1.0,70,Noun,NN,11885
blazer,0,4.79,0.56,0,29,1.0,62,Noun,NN,10450
aviator,0,4.57,0.57,0,28,1.0,28,Noun,NN,10948
impartiality,0,1.42,0.64,2,28,0.93,6,Noun,NN,13316
sax,0,4.64,0.87,0,28,1.0,64,Noun,NN,12445
tabernacle,0,4.04,1.23,3,27,0.89,36,Noun,NN,12538
clipboard,0,4.93,0.27,0,27,1.0,38,Noun,NN,12147
rancher,0,4.83,0.64,1,25,0.96,47,Noun,NN,18335
grinder,0,4.12,0.97,0,25,1.0,65,Noun,NN,17646
crevice,0,4.43,1.07,0,30,1.0,21,Noun,NN,10118
nectar,0,4.63,0.67,0,30,1.0,47,Noun,NN,16402
beekeeper,0,4.67,0.92,1,31,0.97,9,Noun,NN,15403
eatery,0,4.48,0.95,0,29,1.0,10,Noun,NN,14317
rye,0,4.74,0.81,0,27,1.0,212,Noun,NN,10963
housekeeper,0,4.36,0.95,0,28,1.0,298,Noun,NN,13337
monsoon,0,4.48,0.99,0,29,1.0,40,Noun,NN,12781
plywood,0,4.82,0.77,2,30,0.93,23,Noun,NN,15228
medic,0,4.43,0.94,0,30,1.0,291,Noun,NN,18645
atonement,0,1.44,0.85,2,29,0.93,18,Noun,NN,18309
pluralism,0,1.79,0.93,2,26,0.92,1,Noun,NN,15853
tact,0,1.76,1.12,0,29,1.0,56,Noun,NN,10691
hamster,0,4.86,0.59,0,28,1.0,109,Noun,NN,16008
nugget,0,4.45,1.02,0,29,1.0,60,Noun,NN,16597
collie,0,4.77,0.82,1,27,0.96,53,Noun,NN,13436
tortilla,0,4.89,0.57,0,28,1.0,16,Noun,NN,13906
plaza,0,4.44,1.05,0,27,1.0,301,Noun,NN,16029
alleyway,0,4.3,1.15,0,23,1.0,40,Noun,NN,10255
rapport,0,1.84,1.07,0,25,1.0,32,Noun,NN,16349
bikini,0,4.96,0.19,0,27,1.0,188,Noun,NN,18480
linebacker,0,4.69,0.76,0,29,1.0,30,Noun,NN,12931
constitutionality,0,1.7,1.17,1,28,0.96,6,Noun,NN,10914
grail,0,4.23,1.07,3,29,0.9,137,Noun,NN,10208
toothbrush,0,5.0,0.0,0,29,1.0,255,Noun,NN,12737
deli,0,4.57,0.84,1,29,0.97,108,Noun,NN,11588
altruism,0,1.5,1.19,3,25,0.88,11,Noun,NN,12484
skillet,0,4.73,0.72,0,26,1.0,62,Noun,NN,16368
workbook,0,4.57,1.01,0,30,1.0,6,Noun,NN,16548
galley,0,4.07,1.54,0,27,1.0,82,Noun,NN,11859
blouse,0,4.96,0.19,0,27,1.0,272,Noun,NN,12657
latex,0,4.77,0.43,1,27,0.96,74,Noun,NN,16289
hummingbird,0,4.96,0.19,0,28,1.0,31,Noun,NN,11210
otter,0,4.86,0.74,0,29,1.0,69,Noun,NN,15039
windmill,0,4.89,0.42,0,27,1.0,65,Noun,NN,17616
trepidation,0,1.68,1.11,2,27,0.93,7,Noun,NN,10749
escalator,0,5.0,0.0,0,29,1.0,66,Noun,NN,11880
mascot,0,4.2,1.13,0,30,1.0,84,Noun,NN,16057
catheter,0,4.48,0.92,1,26,0.96,55,Noun,NN,15278
airship,0,4.92,0.27,1,27,0.96,30,Noun,NN,10407
spaghetti,0,5.0,0.0,0,29,1.0,302,Noun,NN,16724
chili,0,4.79,0.49,0,29,1.0,382,Noun,NN,17919
ark,0,4.67,0.68,2,29,0.93,199,Noun,NN,16239
mama,0,4.3,1.15,0,30,1.0,5289,Noun,NN,12603
dormitory,0,4.64,0.91,1,29,0.97,51,Noun,NN,14322
eagerness,0,1.69,0.85,0,29,1.0,13,Noun,NN,12284
pothole,0,4.81,0.63,0,26,1.0,25,Noun,NN,15950
nomad,0,4.1,1.16,0,30,1.0,27,Noun,NN,10881
squid,0,4.71,0.71,0,28,1.0,141,Noun,NN,15873
sash,0,4.67,0.88,2,29,0.93,58,Noun,NN,16150
dew,0,4.38,0.8,1,27,0.96,109,Noun,NN,13572
hammock,0,4.89,0.58,0,27,1.0,71,Noun,NN,11921
ballpark,0,4.43,1.07,0,30,1.0,89,Noun,NN,10282
chute,0,4.61,0.79,0,28,1.0,184,Noun,NN,11894
hanger,0,4.81,0.48,0,27,1.0,69,Noun,NN,18447
seaweed,0,4.89,0.42,0,28,1.0,88,Noun,NN,14738
labyrinth,0,4.22,0.85,1,28,0.96,41,Noun,NN,14047
parlor,0,4.28,1.07,0,29,1.0,303,Noun,NN,12759
screwdriver,0,4.9,0.31,0,29,1.0,128,Noun,NN,17711
panda,0,4.75,0.93,0,28,1.0,108,Noun,NN,13765
malpractice,0,1.79,1.2,1,29,0.97,79,Noun,NN,15960
townhouse,0,4.86,0.58,0,29,1.0,38,Noun,NN,10849
eloquence,0,1.88,1.14,0,26,1.0,27,Noun,NN,12748
turnip,0,4.79,0.68,0,29,1.0,88,Noun,NN,10158
mower,0,4.86,0.44,0,29,1.0,75,Noun,NN,17090
reasonableness,0,1.93,1.0,0,29,1.0,3,Noun,NN,10994
blob,0,4.06,1.21,0,31,1.0,60,Noun,NN,17202
facilitation,0,1.81,0.88,0,27,1.0,6,Noun,NN,12379
crutch,0,4.5,0.92,0,28,1.0,67,Noun,NN,17252
cello,0,4.96,0.19,1,29,0.97,95,Noun,NN,17329
hangar,0,4.5,1.14,4,30,0.87,173,Noun,NN,12769
actuality,0,1.96,1.34,0,27,1.0,24,Noun,NN,16958
pretence,0,1.67,1.04,2,29,0.93,21,Noun,NN,13400
utensil,0,4.56,0.8,0,27,1.0,12,Noun,NN,18026
undertaker,0,4.07,1.15,1,29,0.97,78,Noun,NN,10319
newsroom,0,4.54,0.92,0,28,1.0,39,Noun,NN,18137
stallion,0,4.72,0.84,0,25,1.0,163,Noun,NN,14578
toothpaste,0,4.97,0.19,0,29,1.0,160,Noun,NN,14061
toolbox,0,4.75,0.7,0,28,1.0,64,Noun,NN,10072
romanticism,0,1.46,0.71,2,28,0.93,10,Noun,NN,10411
gunfire,0,4.66,0.67,0,29,1.0,266,Noun,NN,15368
tenacity,0,1.41,0.63,1,30,0.97,14,Noun,NN,11758
epitome,0,1.8,1.22,3,28,0.89,22,Noun,NN,12785
minefield,0,4.43,0.88,2,30,0.93,52,Noun,NN,11254
stuffing,0,4.57,0.92,1,29,0.97,165,Noun,NN,11525
knickers,0,4.54,0.88,0,28,1.0,65,Noun,NN,10109
reconsideration,0,1.59,0.93,0,27,1.0,4,Noun,NN,11174
catfish,0,4.85,0.77,0,27,1.0,63,Noun,NN,13168
reflector,0,4.3,1.09,0,30,1.0,14,Noun,NN,16639
unwillingness,0,1.8,1.32,0,30,1.0,4,Noun,NN,16519
lettering,0,4.41,0.93,0,27,1.0,23,Noun,NN,15620
restroom,0,4.93,0.38,0,27,1.0,125,Noun,NN,15934
toiletry,0,4.52,0.87,1,30,0.97,3,Noun,NN,15376
inevitability,0,1.52,1.02,0,29,1.0,18,Noun,NN,11986
polyester,0,4.12,1.33,0,25,1.0,63,Noun,NN,13993
downtime,0,1.93,1.0,0,27,1.0,22,Noun,NN,15691
adequacy,0,1.86,1.08,2,30,0.93,1,Noun,NN,15210
grocer,0,4.3,1.22,2,25,0.92,35,Noun,NN,12052
catwalk,0,4.15,1.05,0,26,1.0,36,Noun,NN,10344
pancreas,0,4.79,0.57,0,28,1.0,40,Noun,NN,13236
hedgehog,0,4.93,0.25,0,30,1.0,15,Noun,NN,13287
whisker,0,4.7,0.54,1,28,0.96,13,Noun,NN,10567
avalanche,0,4.32,1.06,0,28,1.0,173,Noun,NN,16777
indoctrination,0,1.88,0.86,3,29,0.9,15,Noun,NN,11044
roofing,0,4.66,0.86,0,29,1.0,13,Noun,NN,17344
psychotherapist,0,4.16,1.37,1,26,0.96,12,Noun,NN,12540
rafter,0,4.97,0.19,1,30,0.97,3,Noun,NN,11332
cleavage,0,4.64,0.57,0,25,1.0,70,Noun,NN,11877
meningitis,0,4.11,1.31,0,28,1.0,36,Noun,NN,11932
synthesizer,0,4.04,1.26,0,28,1.0,27,Noun,NN,13082
gunshot,0,4.93,0.27,0,27,1.0,520,Noun,NN,14813
saliva,0,4.89,0.32,0,27,1.0,135,Noun,NN,14113
telegram,0,4.63,0.88,0,27,1.0,471,Noun,NN,14269
pendant,0,4.75,0.59,0,28,1.0,46,Noun,NN,14289
reckoning,0,1.86,1.08,1,29,0.97,55,Noun,NN,14098
grille,0,4.04,1.4,4,29,0.86,18,Noun,NN,15421
lighter,0,4.53,0.73,0,30,1.0,457,Noun,NN,16565
applicability,0,1.69,1.07,0,29,1.0,2,Noun,NN,17045
gnome,0,4.59,1.09,1,30,0.97,32,Noun,NN,18110
hamburger,0,5.0,0.0,0,29,1.0,397,Noun,NN,16993
fireball,0,4.32,0.86,0,28,1.0,76,Noun,NN,12062
phosphorus,0,4.27,1.28,3,29,0.9,34,Noun,NN,17719
gully,0,4.33,1.14,2,29,0.93,47,Noun,NN,12155
bourbon,0,4.93,0.27,0,27,1.0,319,Noun,NN,11587
placard,0,4.46,1.26,1,29,0.97,6,Noun,NN,12621
biographer,0,4.41,1.02,0,29,1.0,22,Noun,NN,17149
boardroom,0,4.66,0.77,0,29,1.0,39,Noun,NN,14596
mucus,0,4.76,0.69,0,29,1.0,30,Noun,NN,12828
scissors,0,4.85,0.61,0,26,1.0,341,Noun,NN,16783
toad,0,5.0,0.0,0,28,1.0,290,Noun,NN,16511
interpolation,0,1.36,0.79,4,26,0.85,2,Noun,NN,12293
detergent,0,4.77,0.82,0,26,1.0,52,Noun,NN,18273
cheerleader,0,4.9,0.31,0,29,1.0,329,Noun,NN,14699
centerpiece,0,4.62,0.82,0,29,1.0,32,Noun,NN,14800
desirability,0,1.89,0.92,0,28,1.0,5,Noun,NN,10421
gymnastics,0,4.04,1.14,0,28,1.0,78,Noun,NN,12870
duality,0,1.93,1.12,1,29,0.97,14,Noun,NN,16078
bosom,0,4.63,0.69,2,29,0.93,159,Noun,NN,18672
salsa,0,4.7,0.72,0,27,1.0,109,Noun,NN,16000
mahogany,0,4.5,0.95,0,26,1.0,38,Noun,NN,11680
complicity,0,1.7,1.03,1,28,0.96,21,Noun,NN,16899
camcorder,0,5.0,0.0,0,30,1.0,32,Noun,NN,18538
cyclone,0,4.48,0.82,0,25,1.0,24,Noun,NN,13144
seafront,0,4.45,0.83,1,30,0.97,3,Noun,NN,13985
martyrdom,0,1.64,1.08,3,28,0.89,16,Noun,NN,15391
graphite,0,4.58,0.85,1,32,0.97,21,Noun,NN,11308
individualism,0,1.88,1.17,1,26,0.96,13,Noun,NN,18583
pediatrician,0,4.57,0.79,0,28,1.0,72,Noun,NN,11369
tarmac,0,4.8,0.82,2,27,0.93,22,Noun,NN,18828
violinist,0,4.84,0.45,0,31,1.0,33,Noun,NN,13180
torso,0,4.83,0.38,0,30,1.0,94,Noun,NN,17944
insignia,0,4.27,0.87,0,30,1.0,41,Noun,NN,10006
guidebook,0,4.83,0.53,0,30,1.0,35,Noun,NN,14820
gauntlet,0,4.43,0.84,0,28,1.0,39,Noun,NN,10537
faithfulness,0,1.72,0.84,0,25,1.0,10,Noun,NN,14377
peso,0,4.62,0.9,1,27,0.96,13,Noun,NN,10918
atrium,0,4.72,0.74,2,27,0.93,36,Noun,NN,12976
bartender,0,4.82,0.48,0,28,1.0,498,Noun,NN,16390
booty,0,4.36,0.87,0,28,1.0,313,Noun,NN,11603
workhouse,0,4.23,0.95,3,29,0.9,16,Noun,NN,10499
bulldozer,0,4.9,0.41,0,29,1.0,66,Noun,NN,11755
genitals,0,4.96,0.19,0,28,1.0,63,Noun,NN,11299
eel,0,4.69,0.89,0,29,1.0,73,Noun,NN,13997
handbrake,0,4.69,0.6,1,30,0.97,9,Noun,NN,10721
cardiologist,0,4.48,0.91,0,29,1.0,36,Noun,NN,10003
secession,0,1.85,1.01,2,28,0.93,1,Noun,NN,11741
bridesmaid,0,4.41,0.93,0,27,1.0,125,Noun,NN,12978
goblin,0,4.38,1.21,0,29,1.0,48,Noun,NN,10143
spasm,0,4.07,1.11,1,28,0.96,56,Noun,NN,15163
understatement,0,1.79,1.05,0,29,1.0,88,Noun,NN,18994
thyme,0,4.96,0.19,1,29,0.97,10,Noun,NN,10086
awning,0,4.61,0.92,0,28,1.0,24,Noun,NN,13393
porridge,0,4.89,0.31,1,29,0.97,42,Noun,NN,11394
maggot,0,4.97,0.18,0,30,1.0,81,Noun,NN,12098
grapefruit,0,4.96,0.19,1,29,0.97,126,Noun,NN,10341
sanctity,0,1.35,0.69,1,27,0.96,84,Noun,NN,16794
ravine,0,4.61,0.92,1,29,0.97,94,Noun,NN,10475
vulture,0,4.73,0.78,0,30,1.0,90,Noun,NN,15358
epiphany,0,1.6,0.71,0,25,1.0,66,Noun,NN,11233
pretense,0,1.76,1.02,1,30,0.97,44,Noun,NN,14856
chopper,0,4.07,1.03,0,29,1.0,596,Noun,NN,10993
housewife,0,4.43,0.88,0,28,1.0,180,Noun,NN,18403
propane,0,4.59,0.57,0,27,1.0,28,Noun,NN,12726
incompatibility,0,1.79,0.92,0,28,1.0,7,Noun,NN,10999
misgiving,0,1.83,0.92,0,24,1.0,3,Noun,NN,10872
foothold,0,4.03,1.15,0,29,1.0,29,Noun,NN,12720
backside,0,4.07,1.38,0,27,1.0,85,Noun,NN,18962
motorcyclist,0,4.79,0.63,0,28,1.0,13,Noun,NN,10818
hopelessness,0,1.67,1.03,0,30,1.0,11,Noun,NN,10443
orchid,0,4.92,0.28,0,24,1.0,110,Noun,NN,18355
idealist,0,1.52,0.78,0,29,1.0,34,Noun,NN,11642
filth,0,4.14,1.08,0,28,1.0,231,Noun,NN,15393
oneness,0,1.96,1.24,3,28,0.89,21,Noun,NN,12860
lotion,0,4.79,0.77,0,29,1.0,166,Noun,NN,17595
fern,0,5.0,0.0,1,26,0.96,163,Noun,NN,16761
anus,0,4.86,0.36,0,28,1.0,56,Noun,NN,11865
redness,0,4.14,1.27,0,28,1.0,10,Noun,NN,10231
phrasing,0,1.93,1.1,1,30,0.97,13,Noun,NN,12280
transcendence,0,1.48,0.89,2,29,0.93,5,Noun,NN,10392
aphid,0,4.76,0.72,3,28,0.89,4,Noun,NN,15440
mismanagement,0,1.84,1.24,0,31,1.0,7,Noun,NN,13192
derivation,0,1.86,1.04,3,25,0.88,13,Noun,NN,15478
conveyor,0,4.22,1.09,0,27,1.0,43,Noun,NN,15861
pallet,0,4.59,1.09,0,29,1.0,21,Noun,NN,17265
casket,0,4.86,0.45,0,28,1.0,162,Noun,NN,11376
incision,0,4.07,1.33,0,27,1.0,121,Noun,NN,14136
spleen,0,4.7,0.61,1,28,0.96,131,Noun,NN,11454
gladiator,0,4.82,0.77,0,28,1.0,40,Noun,NN,10621
euphoria,0,1.47,0.86,0,30,1.0,25,Noun,NN,10410
shopkeeper,0,4.43,1.01,0,30,1.0,20,Noun,NN,15220
brickwork,0,4.48,0.75,2,29,0.93,2,Noun,NN,10455
disinformation,0,1.87,1.29,4,27,0.85,12,Noun,NN,11977
octopus,0,5.0,0.0,0,28,1.0,99,Noun,NN,12073
mariner,0,4.38,0.98,1,27,0.96,22,Noun,NN,11651
microprocessor,0,4.18,1.42,0,28,1.0,19,Noun,NN,10369
splendor,0,1.59,0.69,0,27,1.0,60,Noun,NN,12292
shellfish,0,4.53,0.97,0,30,1.0,50,Noun,NN,14545
sedan,0,4.72,0.84,0,29,1.0,90,Noun,NN,12109
gambler,0,4.03,1.15,0,29,1.0,234,Noun,NN,14556
padding,0,4.52,0.71,0,25,1.0,49,Noun,NN,17178
eczema,0,4.23,1.07,0,26,1.0,9,Noun,NN,13990
sandbox,0,4.86,0.45,0,28,1.0,54,Noun,NN,11445
euphemism,0,1.74,0.86,0,27,1.0,46,Noun,NN,11337
vertebra,0,4.45,1.18,0,29,1.0,31,Noun,NN,11397
chimp,0,4.96,0.2,1,26,0.96,153,Noun,NN,13288
impurity,0,1.93,1.08,0,30,1.0,7,Noun,NN,14528
teller,0,4.38,0.8,2,28,0.93,131,Noun,NN,14263
clipper,0,4.3,1.03,1,28,0.96,59,Noun,NN,10370
flask,0,4.79,0.68,0,29,1.0,57,Noun,NN,13105
kale,0,4.81,0.4,2,28,0.93,28,Noun,NN,11679
cauliflower,0,5.0,0.0,0,24,1.0,28,Noun,NN,11146
chalet,0,4.36,1.19,4,29,0.86,26,Noun,NN,14246
earring,0,4.96,0.19,0,27,1.0,138,Noun,NN,17646
morphine,0,4.5,0.92,0,28,1.0,331,Noun,NN,15260
donut,0,4.93,0.26,0,29,1.0,72,Noun,NN,14865
bookkeeper,0,4.64,0.86,0,25,1.0,65,Noun,NN,12025
orphanage,0,4.65,0.93,1,24,0.96,273,Noun,NN,17206
napkin,0,4.93,0.38,0,28,1.0,184,Noun,NN,14097
airbag,0,4.81,0.63,1,27,0.96,20,Noun,NN,17477
roadblock,0,4.71,0.6,0,28,1.0,101,Noun,NN,12829
scuba,0,4.23,0.82,1,27,0.96,78,Noun,NN,14135
chimpanzee,0,4.96,0.19,0,28,1.0,62,Noun,NN,17013
schoolboy,0,4.5,0.96,0,28,1.0,67,Noun,NN,14826
aquifer,0,4.04,1.27,3,28,0.89,2,Noun,NN,16159
tubing,0,4.38,1.21,2,26,0.92,35,Noun,NN,15392
stroller,0,4.96,0.19,0,27,1.0,45,Noun,NN,14637
wrestler,0,4.42,1.03,0,26,1.0,91,Noun,NN,17915
duvet,0,4.85,0.46,2,29,0.93,12,Noun,NN,12790
parenthesis,0,4.78,0.64,2,29,0.93,3,Noun,NN,15964
fluoride,0,4.37,1.08,0,27,1.0,12,Noun,NN,18396
bodyguard,0,4.75,0.8,0,28,1.0,292,Noun,NN,14340
slime,0,4.48,0.83,0,29,1.0,141,Noun,NN,11538
hardcover,0,4.69,0.66,0,29,1.0,8,Noun,NN,11949
flashlight,0,5.0,0.0,0,30,1.0,302,Noun,NN,18804
exclusivity,0,1.65,0.8,3,29,0.9,11,Noun,NN,12234
prawn,0,4.62,1.07,3,24,0.88,26,Noun,NN,14865
snowfall,0,4.66,0.55,0,29,1.0,20,Noun,NN,12510
peculiarity,0,1.96,0.92,0,28,1.0,5,Noun,NN,14448
negation,0,1.92,0.95,0,25,1.0,5,Noun,NN,14074
crayon,0,4.87,0.34,0,23,1.0,21,Noun,NN,11335
quartz,0,4.72,0.75,0,29,1.0,27,Noun,NN,17536
avocado,0,4.89,0.58,0,27,1.0,62,Noun,NN,16146
filament,0,4.27,1.31,2,28,0.93,17,Noun,NN,17860
alligator,0,4.96,0.19,0,28,1.0,178,Noun,NN,12673
banjo,0,4.9,0.4,0,30,1.0,83,Noun,NN,15239
pineapple,0,4.94,0.4,4,5870,1.0,130,Noun,NN,16918
lingerie,0,4.87,0.35,0,30,1.0,144,Noun,NN,10566
broccoli,0,4.87,0.51,0,30,1.0,116,Noun,NN,18074
fir,0,4.58,1.1,1,27,0.96,22,Noun,NN,15867
pessimism,0,1.88,1.08,0,24,1.0,15,Noun,NN,12261
clove,0,4.42,0.86,1,27,0.96,26,Noun,NN,13530
abstinence,0,1.72,1.28,0,29,1.0,45,Noun,NN,16433
cataract,0,4.38,1.12,0,29,1.0,6,Noun,NN,14516
winery,0,4.35,1.02,1,27,0.96,17,Noun,NN,17127
elm,0,4.69,1.04,0,29,1.0,73,Noun,NN,10361
toaster,0,4.9,0.56,0,29,1.0,198,Noun,NN,14523
custard,0,4.85,0.46,1,27,0.96,64,Noun,NN,12729
bagel,0,5.0,0.0,0,28,1.0,156,Noun,NN,10924
rainwater,0,4.64,0.91,1,29,0.97,11,Noun,NN,13784
woodwork,0,4.45,0.95,0,29,1.0,43,Noun,NN,18918
clarinet,0,4.92,0.27,0,26,1.0,80,Noun,NN,13705
sportsman,0,4.44,0.89,0,27,1.0,35,Noun,NN,14598
bookseller,0,4.43,1.03,0,28,1.0,5,Noun,NN,15746
terrier,0,4.62,0.98,0,29,1.0,49,Noun,NN,15932
flier,0,4.36,1.06,1,29,0.97,109,Noun,NN,12772
aptitude,0,1.54,0.92,0,28,1.0,55,Noun,NN,18349
bonfire,0,4.83,0.38,0,30,1.0,89,Noun,NN,18864
yen,0,4.04,1.26,2,29,0.93,312,Noun,NN,16559
enigma,0,1.79,1.2,2,30,0.93,47,Noun,NN,12161
gratification,0,1.78,1.22,0,27,1.0,42,Noun,NN,18208
moose,0,4.97,0.19,0,29,1.0,282,Noun,NN,11492
displeasure,0,1.85,1.1,0,27,1.0,34,Noun,NN,11716
bile,0,4.46,0.9,2,28,0.93,40,Noun,NN,16969
carton,0,5.0,0.0,0,29,1.0,96,Noun,NN,16357
prudence,0,1.58,0.81,0,26,1.0,69,Noun,NN,13402
simplification,0,1.86,1.03,0,29,1.0,1,Noun,NN,16833
spontaneity,0,1.7,1.14,1,28,0.96,42,Noun,NN,10491
tentacle,0,4.46,1.17,0,28,1.0,13,Noun,NN,12937
chasm,0,4.24,1.2,3,28,0.89,18,Noun,NN,12689
scrapbook,0,4.76,0.83,0,29,1.0,61,Noun,NN,12686
disqualification,0,1.89,1.23,0,28,1.0,18,Noun,NN,10421
clubhouse,0,4.61,0.83,0,28,1.0,82,Noun,NN,17626
vial,0,4.14,1.39,4,26,0.85,66,Noun,NN,11964
wildfire,0,4.59,0.68,0,29,1.0,50,Noun,NN,18793
panties,0,4.9,0.31,0,30,1.0,414,Noun,NN,11930
fuselage,0,4.79,0.83,4,28,0.86,52,Noun,NN,12815
lipstick,0,4.9,0.31,0,30,1.0,449,Noun,NN,16327
unhappiness,0,1.52,0.78,0,29,1.0,59,Noun,NN,13138
chromium,0,4.33,1.18,3,30,0.9,33,Noun,NN,11818
hooker,0,4.5,0.92,1,29,0.97,598,Noun,NN,11106
canteen,0,4.88,0.33,0,26,1.0,87,Noun,NN,15644
darts,0,4.83,0.48,0,24,1.0,100,Noun,NN,14747
puree,0,4.16,1.11,3,28,0.89,9,Noun,NN,10299
ovary,0,4.18,1.39,1,29,0.97,26,Noun,NN,18598
blizzard,0,4.68,0.56,0,25,1.0,99,Noun,NN,11996
embankment,0,4.07,1.46,1,29,0.97,24,Noun,NN,15968
hermit,0,4.29,1.12,0,28,1.0,60,Noun,NN,12990
speck,0,4.46,0.9,2,28,0.93,95,Noun,NN,11181
hijacker,0,4.03,1.07,0,30,1.0,26,Noun,NN,12725
cockroach,0,4.96,0.19,0,27,1.0,174,Noun,NN,13838
shaman,0,4.08,0.95,3,28,0.89,128,Noun,NN,14652
chairperson,0,4.58,0.99,2,28,0.93,6,Noun,NN,10415
wart,0,4.89,0.31,0,28,1.0,63,Noun,NN,17238
cloakroom,0,4.48,1.24,4,27,0.85,33,Noun,NN,10013
butler,0,4.63,0.72,0,30,1.0,508,Noun,NN,14895
apricot,0,4.97,0.18,0,30,1.0,32,Noun,NN,11972
caterer,0,4.37,1.0,0,30,1.0,106,Noun,NN,10173
blackboard,0,4.72,1.03,1,30,0.97,60,Noun,NN,13945
homestead,0,4.07,1.26,0,30,1.0,59,Noun,NN,14370
cavern,0,4.57,0.9,0,30,1.0,56,Noun,NN,16478
normality,0,1.94,1.06,0,31,1.0,17,Noun,NN,11185
acorn,0,4.96,0.19,0,27,1.0,37,Noun,NN,14654
windshield,0,4.86,0.45,0,28,1.0,167,Noun,NN,13037
announcer,0,4.52,0.8,0,27,1.0,574,Noun,NN,15014
skyline,0,4.43,0.92,0,28,1.0,34,Noun,NN,17413
skater,0,4.65,0.56,0,26,1.0,97,Noun,NN,11881
beak,0,4.96,0.19,0,28,1.0,107,Noun,NN,17836
seaman,0,4.42,0.95,0,26,1.0,86,Noun,NN,13708
cutlery,0,4.75,0.52,0,28,1.0,18,Noun,NN,12346
foresight,0,1.79,0.82,0,29,1.0,38,Noun,NN,17203
penance,0,1.52,0.77,2,27,0.93,73,Noun,NN,11206
bouquet,0,4.74,0.81,0,27,1.0,164,Noun,NN,18998
rhino,0,4.9,0.3,0,31,1.0,106,Noun,NN,13717
randomness,0,1.63,0.93,0,30,1.0,9,Noun,NN,11148
saxophone,0,5.0,0.0,0,27,1.0,86,Noun,NN,12939
bandit,0,4.36,0.95,0,28,1.0,191,Noun,NN,16176
incubator,0,4.65,0.63,0,26,1.0,51,Noun,NN,15863
mussel,0,4.69,0.76,0,29,1.0,14,Noun,NN,17216
pathologist,0,4.27,1.14,0,30,1.0,41,Noun,NN,15687
fairway,0,4.21,1.17,1,29,0.97,24,Noun,NN,14953
caramel,0,4.73,0.64,0,30,1.0,63,Noun,NN,17001
puck,0,4.5,1.17,2,28,0.93,147,Noun,NN,11395
celery,0,4.8,0.76,0,30,1.0,95,Noun,NN,13508
foyer,0,4.52,0.87,0,29,1.0,45,Noun,NN,15108
ointment,0,4.5,1.11,0,30,1.0,83,Noun,NN,11759
tights,0,4.62,0.98,0,29,1.0,135,Noun,NN,12759
parkland,0,4.04,1.22,2,25,0.92,5,Noun,NN,14072
serviceman,0,4.57,0.69,0,28,1.0,8,Noun,NN,17085
unease,0,1.93,1.03,1,30,0.97,5,Noun,NN,11145
unification,0,1.93,0.88,0,29,1.0,82,Noun,NN,16115
paddock,0,4.22,1.54,4,27,0.85,17,Noun,NN,14931
botanist,0,4.07,1.21,1,28,0.96,14,Noun,NN,10255
lithium,0,4.13,1.38,0,30,1.0,60,Noun,NN,16698
headmaster,0,4.12,1.24,0,26,1.0,112,Noun,NN,14846
mommy,0,4.07,1.05,0,30,1.0,3617,Noun,NN,11168
clergyman,0,4.73,0.52,0,30,1.0,17,Noun,NN,17134
battleship,0,4.81,0.4,0,27,1.0,87,Noun,NN,13548
firewood,0,4.93,0.37,0,30,1.0,77,Noun,NN,11938
stylus,0,4.42,1.14,0,26,1.0,6,Noun,NN,12722
oar,0,4.84,0.52,0,31,1.0,42,Noun,NN,10101
audacity,0,1.62,0.71,1,25,0.96,48,Noun,NN,17701
domino,0,4.59,1.08,0,27,1.0,205,Noun,NN,12885
asparagus,0,4.96,0.19,0,28,1.0,50,Noun,NN,15335
eccentricity,0,1.84,1.03,2,27,0.93,10,Noun,NN,10402
lemonade,0,4.83,0.76,0,29,1.0,281,Noun,NN,11702
planter,0,4.61,0.92,1,29,0.97,32,Noun,NN,16112
hiker,0,4.53,1.11,0,30,1.0,14,Noun,NN,15669
hearth,0,4.38,1.15,1,30,0.97,34,Noun,NN,16919
engraving,0,4.28,1.13,1,30,0.97,23,Noun,NN,18766
python,0,4.96,0.19,1,28,0.96,79,Noun,NN,18308
pathos,0,1.48,0.79,4,27,0.85,12,Noun,NN,10859
critter,0,4.19,0.92,1,28,0.96,65,Noun,NN,13897
sludge,0,4.23,0.94,0,30,1.0,24,Noun,NN,16600
creationism,0,1.69,1.05,1,27,0.96,16,Noun,NN,16102
binder,0,4.89,0.42,0,28,1.0,39,Noun,NN,15826
stairway,0,4.83,0.59,0,30,1.0,81,Noun,NN,13114
methadone,0,4.24,1.27,4,29,0.86,37,Noun,NN,11682
brownie,0,4.82,0.48,1,29,0.97,180,Noun,NN,18183
revolver,0,4.69,0.71,0,29,1.0,141,Noun,NN,13435
florist,0,4.62,0.62,0,29,1.0,123,Noun,NN,11311
silo,0,4.3,1.26,0,30,1.0,48,Noun,NN,15207
custodian,0,4.64,0.83,0,28,1.0,49,Noun,NN,16747
generality,0,1.5,0.75,3,31,0.9,4,Noun,NN,12608
brunch,0,4.41,1.02,1,30,0.97,189,Noun,NN,13173
treachery,0,1.69,0.97,1,27,0.96,96,Noun,NN,11831
skyscraper,0,4.76,0.83,0,29,1.0,40,Noun,NN,16305
tavern,0,4.78,0.42,0,27,1.0,158,Noun,NN,16356
gist,0,1.81,1.02,2,28,0.93,56,Noun,NN,14939
brothel,0,4.23,1.03,1,27,0.96,82,Noun,NN,15888
wafer,0,4.56,0.97,0,27,1.0,15,Noun,NN,10992
veracity,0,1.5,0.76,3,29,0.9,21,Noun,NN,11906
mysticism,0,1.86,1.21,2,30,0.93,22,Noun,NN,15847
airliner,0,4.45,1.27,0,29,1.0,29,Noun,NN,12080
testicle,0,4.59,0.98,0,29,1.0,58,Noun,NN,10760
deference,0,1.92,1.13,2,28,0.93,19,Noun,NN,16444
baron,0,4.14,1.13,2,31,0.94,687,Noun,NN,17837
sweetener,0,4.48,0.81,0,31,1.0,14,Noun,NN,14875
renter,0,4.15,0.99,1,28,0.96,13,Noun,NN,12369
complacency,0,1.59,0.84,3,30,0.9,14,Noun,NN,17859
shard,0,4.21,1.32,2,26,0.92,37,Noun,NN,13055
keypad,0,4.81,0.79,0,27,1.0,27,Noun,NN,16425
saucepan,0,4.67,0.78,0,27,1.0,8,Noun,NN,18558
limousine,0,4.63,0.93,0,30,1.0,144,Noun,NN,10223
distillery,0,4.41,1.15,0,29,1.0,14,Noun,NN,10630
orb,0,4.12,0.99,3,27,0.89,140,Noun,NN,15764
nozzle,0,4.91,0.3,0,32,1.0,19,Noun,NN,18609
hostess,0,4.12,1.21,0,26,1.0,189,Noun,NN,13670
disservice,0,1.77,1.14,0,30,1.0,18,Noun,NN,12916
snowflake,0,4.76,0.6,0,25,1.0,60,Noun,NN,10538
mediocrity,0,1.33,0.68,1,28,0.96,36,Noun,NN,12745
dresser,0,4.96,0.19,0,28,1.0,182,Noun,NN,12697
tradesman,0,4.07,1.07,1,28,0.96,6,Noun,NN,15622
droplet,0,4.45,0.99,0,29,1.0,2,Noun,NN,16877
nook,0,4.37,1.04,3,30,0.9,54,Noun,NN,13304
jeopardy,0,1.93,1.14,0,27,1.0,175,Noun,NN,18712
millimeter,0,4.38,0.94,0,29,1.0,70,Noun,NN,12427
gunner,0,4.35,1.2,3,29,0.9,120,Noun,NN,16050
pheasant,0,4.75,0.59,0,28,1.0,41,Noun,NN,13063
stripper,0,4.78,0.51,0,27,1.0,267,Noun,NN,11682
cheesecake,0,4.97,0.19,0,29,1.0,118,Noun,NN,12325
karate,0,4.14,1.13,0,29,1.0,386,Noun,NN,12934
clover,0,4.69,0.84,0,26,1.0,67,Noun,NN,11487
knitting,0,4.14,1.18,0,28,1.0,115,Noun,NN,14384
boar,0,4.8,0.76,0,30,1.0,111,Noun,NN,15166
gymnasium,0,4.81,0.8,0,26,1.0,71,Noun,NN,10862
bouncer,0,4.38,1.08,0,29,1.0,81,Noun,NN,10048
wildflower,0,4.69,0.88,0,26,1.0,3,Noun,NN,12317
dung,0,4.64,0.76,4,29,0.86,90,Noun,NN,10794
foreman,0,4.37,1.08,1,28,0.96,283,Noun,NN,13187
bedrock,0,4.46,0.99,3,29,0.9,16,Noun,NN,17892
fingernail,0,4.93,0.26,0,29,1.0,68,Noun,NN,12310
handshake,0,4.52,0.75,0,27,1.0,155,Noun,NN,14130
scone,0,4.85,0.61,1,27,0.96,25,Noun,NN,11056
moustache,0,4.96,0.19,0,28,1.0,193,Noun,NN,12503
seasoning,0,4.67,0.66,0,30,1.0,27,Noun,NN,14319
cub,0,4.67,0.68,0,27,1.0,107,Noun,NN,17474
nebula,0,4.03,1.25,0,30,1.0,75,Noun,NN,12282
pelvis,0,4.93,0.27,0,27,1.0,103,Noun,NN,12967
typewriter,0,4.88,0.42,0,32,1.0,161,Noun,NN,17961
islander,0,4.19,1.08,0,27,1.0,2,Noun,NN,10426
embroidery,0,4.63,0.84,0,27,1.0,25,Noun,NN,17899
bloodstream,0,4.04,1.23,0,28,1.0,88,Noun,NN,14631
angst,0,1.96,1.09,2,29,0.93,47,Noun,NN,17688
shaker,0,4.11,1.26,0,28,1.0,81,Noun,NN,11470
dissonance,0,1.74,0.86,4,27,0.85,3,Noun,NN,12177
kangaroo,0,4.86,0.76,0,28,1.0,118,Noun,NN,11656
adaptor,0,4.04,1.09,0,27,1.0,4,Noun,NN,17996
coyote,0,4.96,0.19,0,28,1.0,185,Noun,NN,12208
heyday,0,1.52,0.7,1,28,0.96,8,Noun,NN,15638
watermelon,0,4.89,0.42,0,28,1.0,112,Noun,NN,11133
urn,0,4.61,1.07,0,28,1.0,99,Noun,NN,11447
